channel,control,control_unit,power_uW_cm2,calibration
385nm,0,V,0,2026-02-12
385nm,0.03,V,3.49062,2026-02-12
385nm,0.05,V,13.1412,2026-02-12
385nm,0.07,V,23.9552,2026-02-12
385nm,0.1,V,38.1002,2026-02-12
385nm,0.3,V,140.765,2026-02-12
385nm,0.5,V,246.397,2026-02-12
385nm,0.7,V,351.343,2026-02-12
385nm,1,V,506.482,2026-02-12
385nm,1.5,V,768.849,2026-02-12
385nm,2,V,1015.25,2026-02-12
385nm,2.5,V,1247.95,2026-02-12
385nm,3,V,1462.41,2026-02-12
385nm,3.5,V,1658.61,2026-02-12
385nm,4,V,1843.41,2026-02-12
385nm,4.5,V,2012.24,2026-02-12
385nm,5,V,2140,2026-02-12
420nm,0,V,0,2026-02-12
420nm,0.03,V,39.014,2026-02-12
420nm,0.05,V,79.7429,2026-02-12
420nm,0.07,V,124.33,2026-02-12
420nm,0.1,V,175.777,2026-02-12
420nm,0.3,V,600.215,2026-02-12
420nm,0.5,V,1013.22,2026-02-12
420nm,0.7,V,1417.65,2026-02-12
420nm,1,V,2000.72,2026-02-12
420nm,1.5,V,2943.91,2026-02-12
420nm,2,V,3858.53,2026-02-12
420nm,2.5,V,4701.69,2026-02-12
420nm,3,V,5487.68,2026-02-12
420nm,3.5,V,6230.81,2026-02-12
420nm,4,V,6902.48,2026-02-12
420nm,4.5,V,7516.98,2026-02-12
420nm,5,V,7960,2026-02-12
490nm,0,V,0,2026-02-12
490nm,0.03,V,0,2026-02-12
490nm,0.05,V,8.67286,2026-02-12
490nm,0.07,V,25.8143,2026-02-12
490nm,0.1,V,52.7429,2026-02-12
490nm,0.3,V,230.286,2026-02-12
490nm,0.5,V,382.571,2026-02-12
490nm,0.7,V,546,2026-02-12
490nm,1,V,776.286,2026-02-12
490nm,1.5,V,1131,2026-02-12
490nm,2,V,1457.86,2026-02-12
490nm,2.5,V,1760.57,2026-02-12
490nm,3,V,2042.86,2026-02-12
490nm,3.5,V,2321.43,2026-02-12
490nm,4,V,2562.86,2026-02-12
490nm,4.5,V,2804.29,2026-02-12
490nm,5,V,2990,2026-02-12
530nm_DM605,0,V,0,2026-02-12
530nm_DM605,0.03,V,15.5253,2026-02-12
530nm_DM605,0.05,V,148.699,2026-02-12
530nm_DM605,0.07,V,305.181,2026-02-12
530nm_DM605,0.1,V,520.241,2026-02-12
530nm_DM605,0.3,V,1800.36,2026-02-12
530nm_DM605,0.5,V,2908.43,2026-02-12
530nm_DM605,0.7,V,3912.05,2026-02-12
530nm_DM605,1,V,5222.89,2026-02-12
530nm_DM605,1.5,V,7045.78,2026-02-12
530nm_DM605,2,V,8540.96,2026-02-12
530nm_DM605,2.5,V,9749.4,2026-02-12
530nm_DM605,3,V,10794,2026-02-12
530nm_DM605,3.5,V,11674.7,2026-02-12
530nm_DM605,4,V,12432.5,2026-02-12
530nm_DM605,4.5,V,13108.4,2026-02-12
530nm_DM605,5,V,13600,2026-02-12
595nm_DM605_F600,0,V,0,2026-02-12
595nm_DM605_F600,0.03,V,2.53579,2026-02-12
595nm_DM605_F600,0.05,V,40.3009,2026-02-12
595nm_DM605_F600,0.07,V,82.4131,2026-02-12
595nm_DM605_F600,0.1,V,137.657,2026-02-12
595nm_DM605_F600,0.3,V,538.855,2026-02-12
595nm_DM605_F600,0.5,V,932.807,2026-02-12
595nm_DM605_F600,0.7,V,1317.7,2026-02-12
595nm_DM605_F600,1,V,1876.93,2026-02-12
595nm_DM605_F600,1.5,V,2762.2,2026-02-12
595nm_DM605_F600,2,V,3645.19,2026-02-12
595nm_DM605_F600,2.5,V,4460.27,2026-02-12
595nm_DM605_F600,3,V,5207.42,2026-02-12
595nm_DM605_F600,3.5,V,5909.29,2026-02-12
595nm_DM605_F600,4,V,6565.88,2026-02-12
595nm_DM605_F600,4.5,V,7154.54,2026-02-12
595nm_DM605_F600,5,V,7630,2026-02-12
