wavelength_nm,intensity
350.0,0
350.5,0
351.0,0
351.5,0
352.0,0
352.5,0
353.0,0
353.5,0
354.0,0
354.5,0
355.0,0
355.5,0
356.0,0
356.5,0
357.0,0
357.5,0
358.0,0
358.5,0
359.0,0
359.5,0
360.0,0
360.5,0
361.0,0
361.5,0
362.0,0
362.5,0
363.0,0
363.5,0
364.0,0
364.5,0
365.0,0
365.5,0
366.0,0
366.5,0
367.0,0
367.5,0
368.0,0
368.5,0
369.0,0
369.5,0
370.0,0
370.5,0
371.0,0
371.5,0
372.0,0
372.5,0
373.0,0
373.5,0
374.0,0
374.5,0
375.0,0
375.5,0
376.0,0
376.5,0
377.0,0
377.5,0
378.0,0
378.5,0
379.0,0
379.5,0
380.0,0
380.5,0
381.0,0
381.5,0
382.0,0
382.5,0
383.0,0
383.5,0
384.0,0
384.5,0
385.0,0
385.5,0
386.0,0
386.5,0
387.0,0
387.5,0
388.0,0
388.5,0
389.0,0
389.5,0
390.0,0
390.5,0
391.0,0
391.5,0
392.0,0
392.5,0
393.0,0
393.5,0
394.0,0
394.5,0
395.0,0
395.5,0
396.0,0
396.5,0
397.0,0
397.5,0
398.0,0
398.5,0
399.0,0
399.5,0
400.0,0
400.5,0
401.0,0
401.5,0
402.0,0
402.5,0
403.0,0
403.5,0
404.0,0
404.5,0
405.0,0
405.5,0
406.0,0
406.5,0
407.0,0
407.5,0
408.0,0
408.5,0
409.0,0
409.5,0
410.0,0
410.5,0
411.0,0
411.5,0
412.0,0
412.5,0
413.0,0
413.5,0
414.0,0
414.5,0
415.0,0
415.5,0
416.0,0
416.5,0
417.0,0
417.5,0
418.0,0
418.5,0
419.0,0
419.5,0
420.0,0
420.5,0
421.0,0
421.5,0
422.0,0
422.5,0
423.0,0
423.5,0
424.0,0
424.5,0
425.0,0
425.5,0
426.0,0
426.5,0
427.0,0
427.5,0
428.0,0
428.5,0
429.0,0
429.5,0
430.0,0
430.5,0
431.0,0
431.5,0
432.0,0
432.5,0
433.0,0
433.5,0
434.0,0
434.5,0
435.0,0
435.5,0
436.0,0
436.5,0
437.0,0
437.5,0
438.0,0
438.5,0
439.0,0
439.5,0
440.0,0
440.5,0
441.0,0
441.5,0
442.0,0
442.5,0
443.0,0
443.5,0
444.0,0
444.5,0
445.0,0
445.5,0
446.0,0
446.5,0
447.0,0
447.5,0
448.0,0
448.5,0
449.0,0
449.5,0
450.0,0
450.5,0
451.0,0
451.5,0
452.0,0
452.5,0
453.0,0
453.5,0
454.0,0
454.5,0
455.0,0
455.5,0
456.0,0
456.5,0
457.0,0
457.5,0
458.0,0
458.5,0
459.0,0
459.5,0
460.0,0
460.5,0
461.0,0
461.5,0
462.0,0
462.5,0
463.0,0
463.5,0
464.0,0
464.5,0
465.0,0
465.5,0
466.0,0
466.5,0
467.0,0
467.5,0
468.0,0
468.5,0
469.0,0
469.5,0
470.0,0
470.5,0
471.0,0
471.5,0
472.0,0
472.5,0
473.0,0
473.5,0
474.0,0
474.5,0
475.0,0
475.5,0
476.0,0
476.5,0
477.0,0
477.5,1.1899378081438452e-07
478.0,1.8977179993130648e-07
478.5,3.0935781728050648e-07
479.0,5.0939587453120762e-07
479.5,8.562346627277722e-07
480.0,1.454741642259974e-06
480.5,2.5101889367685467e-06
481.0,4.3537421424445001e-06
481.5,7.5900116505185043e-06
482.0,1.3301950398279199e-05
482.5,2.335479703101727e-05
483.0,4.0698476638269424e-05
483.5,7.0683822945083729e-05
484.0,0.00012169512894671174
484.5,0.00020782061318844232
485.0,0.0003490802118079286
485.5,0.00057753790425564859
486.0,0.000934741609327559
486.5,0.0014809534733700382
487.0,0.0022860328362688974
487.5,0.0034243471746384642
488.0,0.0049772689841688115
488.5,0.006984256411034357
489.0,0.0094350395767972915
489.5,0.01223688013927637
490.0,0.015193776063380893
490.5,0.018002515314251444
491.0,0.020283571910989975
491.5,0.02167327530077541
492.0,0.02189314694614607
492.5,0.020840824165426694
493.0,0.025743832866741149
493.5,0.034299378103295058
494.0,0.030749064392872429
494.5,0.033473170502734677
495.0,0.027418963093107554
495.5,0.032788016261824794
496.0,0.034102453640089583
496.5,0.038496717312923409
497.0,0.038375598933099601
497.5,0.046035749854194438
498.0,0.047883407317739074
498.5,0.056938487033658565
499.0,0.060099610385279924
499.5,0.067088865390886154
500.0,0.077973519182787554
500.5,0.082065276578284108
501.0,0.092272171463700606
501.5,0.10319117466828011
502.0,0.11424074977754556
502.5,0.12529747067677394
503.0,0.13765727276215364
503.5,0.15317933016980967
504.0,0.16775374794612991
504.5,0.18303149237379027
505.0,0.1989100875590972
505.5,0.21596725888912779
506.0,0.2321109420664571
506.5,0.24499994088636146
507.0,0.26013446291968895
507.5,0.28202117249127856
508.0,0.29960586080125967
508.5,0.31875380781934254
509.0,0.33467376558886153
509.5,0.35656452985149545
510.0,0.37685684867098085
510.5,0.39820307930367466
511.0,0.4223143295558287
511.5,0.45740840824501638
512.0,0.47842626737392191
512.5,0.50727349057132354
513.0,0.53422242337711345
513.5,0.57001334581287477
514.0,0.59265183661228593
514.5,0.63045813709835119
515.0,0.6651769419932354
515.5,0.69480928400783903
516.0,0.71902985371087413
516.5,0.74541311423504175
517.0,0.77272158306952621
517.5,0.80338626544289637
518.0,0.83382505768330528
518.5,0.85642651939236081
519.0,0.8892772213436364
519.5,0.90516748980279471
520.0,0.92521801064685616
520.5,0.93437064902749911
521.0,0.95260203422258016
521.5,0.96743012150862229
522.0,0.97891804980033392
522.5,0.98193508935872542
523.0,1
523.5,0.99202538958197062
524.0,0.99159388609134702
524.5,0.98706831855179034
525.0,0.98755901427470716
525.5,0.98574719117185516
526.0,0.98251812518656712
526.5,0.96050940852432565
527.0,0.94938378904240606
527.5,0.93597526203753612
528.0,0.91880312657191787
528.5,0.90245027239566555
529.0,0.89163945976593695
529.5,0.86951202827698015
530.0,0.86934466732174853
530.5,0.83375826257710395
531.0,0.81414456777540134
531.5,0.79894592989370883
532.0,0.78708664475648038
532.5,0.76981825840280571
533.0,0.74557750707999515
533.5,0.74331898707094435
534.0,0.7238216702291691
534.5,0.70573603085215142
535.0,0.67921734608849504
535.5,0.6674786581199772
536.0,0.66011503981288622
536.5,0.63474278527802508
537.0,0.62388286997854847
537.5,0.60585199590994498
538.0,0.59693049575643475
538.5,0.58761385867696037
539.0,0.56476495483410993
539.5,0.55107982549685086
540.0,0.54064811803957558
540.5,0.529218682335173
541.0,0.51070185843182314
541.5,0.49238694323289256
542.0,0.48437796852145348
542.5,0.46918058800927248
543.0,0.45628022285975672
543.5,0.4397257716766505
544.0,0.43261795731227443
544.5,0.41908878295463925
545.0,0.41024599951274993
545.5,0.38865570406412797
546.0,0.37874775003209576
546.5,0.3628452995588573
547.0,0.35259371668604805
547.5,0.33587209471553719
548.0,0.32593198983927274
548.5,0.31262534560172167
549.0,0.30198107807281405
549.5,0.29104542026407876
550.0,0.27708079297583627
550.5,0.27132483007811342
551.0,0.25684967981415696
551.5,0.24752796664179211
552.0,0.23757322737993428
552.5,0.23465303295175388
553.0,0.21802023242743801
553.5,0.21086491816535455
554.0,0.20183234741977718
554.5,0.1914933622982545
555.0,0.18600386891241236
555.5,0.17839609771487736
556.0,0.16571628539862143
556.5,0.16370248543631749
557.0,0.15403913391017929
557.5,0.1480603053059574
558.0,0.13929466790143794
558.5,0.12758873014285932
559.0,0.12770540312107226
559.5,0.12426889841330843
560.0,0.12158874714398746
560.5,0.11599260164798179
561.0,0.1090389431394895
561.5,0.1069339968335454
562.0,0.10411822319289399
562.5,0.096469649470383959
563.0,0.090638817300202498
563.5,0.090046642336173419
564.0,0.085312221289981519
564.5,0.08569428670506575
565.0,0.078271392373721757
565.5,0.073055593146403155
566.0,0.07345529882759945
566.5,0.069348850184077049
567.0,0.067006544774232749
567.5,0.062317344055070632
568.0,0.062205985790464928
568.5,0.058721409154647831
569.0,0.061382462456365035
569.5,0.054871584714163195
570.0,0.051920491490216582
570.5,0.054064586221227028
571.0,0.051662233459883321
571.5,0.04379842872299454
572.0,0.048449488017947892
572.5,0.042498898869387819
573.0,0.043053063290945444
573.5,0.042506379853400146
574.0,0.040466395608955257
574.5,0.03579956528991108
575.0,0.037189319071223692
575.5,0.034525498931830677
576.0,0.034352545224043698
576.5,0.032339330710827514
577.0,0.031659889522573897
577.5,0.029409535260423496
578.0,0.028009528662735587
578.5,0.026872395499677505
579.0,0.025759439848109685
579.5,0.024707793190464174
580.0,0.024026352413670328
580.5,0.022755959566779779
581.0,0.021520824093198367
581.5,0.020460725366083711
582.0,0.019813499872708605
582.5,0.018898762491698914
583.0,0.017845911826700946
583.5,0.017137240345135262
584.0,0.016203708363431837
584.5,0.015131572978552756
585.0,0.014598800287657596
585.5,0.013865253039928206
586.0,0.013311243551522696
586.5,0.012701956252974923
587.0,0.016536723441305391
587.5,0.014448738041240618
588.0,0.012480187771019571
588.5,0.01143827781173761
589.0,0.01045863804613602
589.5,0.0090677247373105885
590.0,0.0083221992917537901
590.5,0.0098924729963216201
591.0,0.0078567761904020407
591.5,0.0065208245532479801
592.0,0.007352319562856079
592.5,0.0078131438469075231
593.0,0.0078253412623717784
593.5,0.0053694578995340881
594.0,0.0038050577005985953
594.5,0.0026909394954340174
595.0,0.0020419505400424329
595.5,0.0015475791370424983
596.0,0.0015685716376825534
596.5,0.0010837842520032394
597.0,0.0010690164042114945
597.5,0.0010034533480752039
598.0,0.00090140577712344446
598.5,0.00077217338756854423
599.0,0.00063843941448985268
599.5,0.00051503669413807381
600.0,0.00040273559685985829
600.5,0.00030508494165015933
601.0,0.00022574190732420875
601.5,0.00016211753109154577
602.0,0.00011492937335436055
602.5,7.9369926605822431e-05
603.0,5.4189446647142488e-05
603.5,3.6823068112918046e-05
604.0,2.459042570167531e-05
604.5,1.6327908747877321e-05
605.0,1.0771828506605617e-05
605.5,6.9665507589387207e-06
606.0,4.6103018245171826e-06
606.5,3.0754540668728463e-06
607.0,2.0551169026098016e-06
607.5,1.3594086019270479e-06
608.0,9.1728017780947241e-07
608.5,6.3306958507612414e-07
609.0,4.3685881171771514e-07
609.5,3.1127115179062982e-07
610.0,2.2903805448388205e-07
610.5,1.6743461347187344e-07
611.0,1.2659436743645674e-07
611.5,0
612.0,0
612.5,0
613.0,0
613.5,0
614.0,0
614.5,0
615.0,0
615.5,0
616.0,0
616.5,0
617.0,0
617.5,0
618.0,0
618.5,0
619.0,0
619.5,0
620.0,0
620.5,0
621.0,0
621.5,0
622.0,0
622.5,0
623.0,0
623.5,0
624.0,0
624.5,0
625.0,0
625.5,0
626.0,0
626.5,0
627.0,0
627.5,0
628.0,0
628.5,0
629.0,0
629.5,0
630.0,0
630.5,0
631.0,0
631.5,0
632.0,0
632.5,0
633.0,0
633.5,0
634.0,0
634.5,0
635.0,0
635.5,0
636.0,0
636.5,0
637.0,0
637.5,0
638.0,0
638.5,0
639.0,0
639.5,0
640.0,0
640.5,0
641.0,0
641.5,0
642.0,0
642.5,0
643.0,0
643.5,0
644.0,0
644.5,0
645.0,0
645.5,0
646.0,0
646.5,0
647.0,0
647.5,0
648.0,0
648.5,0
649.0,0
649.5,0
650.0,0
650.5,0
651.0,0
651.5,0
652.0,0
652.5,0
653.0,0
653.5,0
654.0,0
654.5,0
655.0,0
655.5,0
656.0,0
656.5,0
657.0,0
657.5,0
658.0,0
658.5,0
659.0,0
659.5,0
660.0,0
660.5,0
661.0,0
661.5,0
662.0,0
662.5,0
663.0,0
663.5,0
664.0,0
664.5,0
665.0,0
665.5,0
666.0,0
666.5,0
667.0,0
667.5,0
668.0,0
668.5,0
669.0,0
669.5,0
670.0,0
670.5,0
671.0,0
671.5,0
672.0,0
672.5,0
673.0,0
673.5,0
674.0,0
674.5,0
675.0,0
675.5,0
676.0,0
676.5,0
677.0,0
677.5,0
678.0,0
678.5,0
679.0,0
679.5,0
680.0,0
680.5,0
681.0,0
681.5,0
682.0,0
682.5,0
683.0,0
683.5,0
684.0,0
684.5,0
685.0,0
685.5,0
686.0,0
686.5,0
687.0,0
687.5,0
688.0,0
688.5,0
689.0,0
689.5,0
690.0,0
690.5,0
691.0,0
691.5,0
692.0,0
692.5,0
693.0,0
693.5,0
694.0,0
694.5,0
695.0,0
695.5,0
696.0,0
696.5,0
697.0,0
697.5,0
698.0,0
698.5,0
699.0,0
699.5,0
700.0,0
