channel,control,control_unit,power,power_unit
625nm,0,V,0,mW/cm2
625nm,0.03,V,0.0116,mW/cm2
625nm,0.05,V,0.04,mW/cm2
625nm,0.07,V,0.063,mW/cm2
625nm,0.1,V,0.104,mW/cm2
625nm,0.3,V,0.374,mW/cm2
625nm,0.5,V,0.64,mW/cm2
625nm,0.7,V,0.903,mW/cm2
625nm,1,V,1.27,mW/cm2
625nm,1.5,V,1.86,mW/cm2
625nm,2,V,2.4,mW/cm2
625nm,2.5,V,2.9,mW/cm2
625nm,3,V,3.36,mW/cm2
625nm,3.5,V,3.78,mW/cm2
625nm,4,V,4.12,mW/cm2
625nm,4.5,V,4.42,mW/cm2
625nm,5,V,4.6,mW/cm2
530nm,0,V,0,mW/cm2
530nm,0.03,V,0.0001,mW/cm2
530nm,0.05,V,0.005,mW/cm2
530nm,0.07,V,0.0096,mW/cm2
530nm,0.1,V,0.0173,mW/cm2
530nm,0.3,V,0.061,mW/cm2
530nm,0.5,V,0.0979,mW/cm2
530nm,0.7,V,0.13,mW/cm2
530nm,1,V,0.174,mW/cm2
530nm,1.5,V,0.234,mW/cm2
530nm,2,V,0.286,mW/cm2
530nm,2.5,V,0.331,mW/cm2
530nm,3,V,0.371,mW/cm2
530nm,3.5,V,0.407,mW/cm2
530nm,4,V,0.439,mW/cm2
530nm,4.5,V,0.469,mW/cm2
530nm,5,V,0.495,mW/cm2
490nm,0,V,0,mW/cm2
490nm,0.03,V,0.0001,mW/cm2
490nm,0.05,V,0.0001,mW/cm2
490nm,0.07,V,0.0018,mW/cm2
490nm,0.1,V,0.005,mW/cm2
490nm,0.3,V,0.024,mW/cm2
490nm,0.5,V,0.041,mW/cm2
490nm,0.7,V,0.058,mW/cm2
490nm,1,V,0.082,mW/cm2
490nm,1.5,V,0.119,mW/cm2
490nm,2,V,0.154,mW/cm2
490nm,2.5,V,0.186,mW/cm2
490nm,3,V,0.216,mW/cm2
490nm,3.5,V,0.245,mW/cm2
490nm,4,V,0.272,mW/cm2
490nm,4.5,V,0.299,mW/cm2
490nm,5,V,0.32,mW/cm2
415nm,0,V,0,mW/cm2
415nm,0.03,V,0.0001,mW/cm2
415nm,0.05,V,0.0038,mW/cm2
415nm,0.07,V,0.0058,mW/cm2
415nm,0.1,V,0.0086,mW/cm2
415nm,0.3,V,0.031,mW/cm2
415nm,0.5,V,0.053,mW/cm2
415nm,0.7,V,0.076,mW/cm2
415nm,1,V,0.109,mW/cm2
415nm,1.5,V,0.161,mW/cm2
415nm,2,V,0.212,mW/cm2
415nm,2.5,V,0.262,mW/cm2
415nm,3,V,0.31,mW/cm2
415nm,3.5,V,0.356,mW/cm2
415nm,4,V,0.4,mW/cm2
415nm,4.5,V,0.443,mW/cm2
415nm,5,V,0.479,mW/cm2
385nm,0,V,0,mW/cm2
385nm,0.03,V,0.0001,mW/cm2
385nm,0.05,V,0.0019,mW/cm2
385nm,0.07,V,0.0036,mW/cm2
385nm,0.1,V,0.0064,mW/cm2
385nm,0.3,V,0.026,mW/cm2
385nm,0.5,V,0.046,mW/cm2
385nm,0.7,V,0.067,mW/cm2
385nm,1,V,0.097,mW/cm2
385nm,1.5,V,0.148,mW/cm2
385nm,2,V,0.199,mW/cm2
385nm,2.5,V,0.25,mW/cm2
385nm,3,V,0.302,mW/cm2
385nm,3.5,V,0.36,mW/cm2
385nm,4,V,0.408,mW/cm2
385nm,4.5,V,0.461,mW/cm2
385nm,5,V,0.501,mW/cm2
