wavelength_nm,sensitivity
350.0,0.931495016663345
350.5,0.93600543718775064
351.0,0.94040977761116529
351.5,0.94470264621637845
352.0,0.94887861518435446
352.5,0.95293222445811254
353.0,0.95685798563592783
353.5,0.96065038590424656
354.0,0.96430389202121225
354.5,0.96781295436212711
355.0,0.97117201103851947
355.5,0.97437549210273022
356.0,0.9774178238500677
356.5,0.98029343323065576
357.0,0.98299675238301742
357.5,0.98552222330134964
358.0,0.98786430264816016
358.5,0.99001746672366453
359.0,0.99197621660291269
359.5,0.99373508345114736
360.0,0.99528863402735701
360.5,0.99663147638536709
361.0,0.99775826578116544
361.5,0.99866371079447169
362.0,0.99934257967183071
362.5,0.99978970689778945
363.0,1
363.5,0.99996844659338091
364.0,0.99969012166780624
364.5,0.99916019512320142
365.0,0.99837393955536469
365.5,0.99732673829541552
366.0,0.99601409370541416
366.5,0.99443163573249793
367.0,0.99257513072379144
367.5,0.99044049050441685
368.0,0.9880237817211589
368.5,0.98532123545470851
369.0,0.98232925710395824
369.5,0.97904443654649653
370.0,0.97546355858028355
370.5,0.97158361365242008
371.0,0.96740180888195204
371.5,0.96291557938472261
372.0,0.95812259990934334
372.5,0.95302079679437957
373.0,0.94760836025768191
373.5,0.94188375702947047
374.0,0.93584574334107862
374.5,0.92949337828116951
375.0,0.92282603753057724
375.5,0.91584342748556047
376.0,0.90854559977709781
376.5,0.90093296619066054
377.0,0.89300631398658037
377.5,0.88476682161552112
378.0,0.87621607481642383
378.5,0.86735608307558798
379.0,0.85818929641502883
379.5,0.84871862246583774
380.0,0.83894744376786845
380.5,0.82887963522056418
381.0,0.81851958159120186
381.5,0.80787219496614371
382.0,0.79694293200812072
382.5,0.78573781085814842
383.0,0.77426342749472987
383.5,0.76252697133586589
384.0,0.75053623984150197
384.5,0.73829965184597934
385.0,0.7258262593224839
385.5,0.71312575725517235
386.0,0.70020849127055118
386.5,0.68708546265869197
387.0,0.67376833039816064
387.5,0.66026940978716986
388.0,0.6466016672786653
388.5,0.63277871111995421
389.0,0.61881477740921287
389.5,0.60472471120277249
390.0,0.5905239423394002
390.5,0.57622845569142844
391.0,0.56185475560803522
391.5,0.54741982438328807
392.0,0.53294107466033935
392.5,0.51843629577280881
393.0,0.5039235941236816
393.5,0.48942132780926567
394.0,0.47494803580897527
394.5,0.46052236217825426
395.0,0.44616297579895492
395.5,0.43188848635586186
396.0,0.41771735731615045
396.5,0.40366781678716512
397.0,0.3897577672133023
397.5,0.37600469494197164
398.0,0.36242558073840414
398.5,0.34903681235737882
399.0,0.33585410028461365
399.5,0.32289239774079165
400.0,0.31016582599651416
400.5,0.29768760597751609
401.0,0.28546999704765169
401.5,0.27352424374459711
402.0,0.26186053111299401
402.5,0.25048794913525213
403.0,0.23941446660563984
403.5,0.22864691463283793
404.0,0.21819097979434052
404.5,0.20805120680735628
405.0,0.19823101042936772
405.5,0.18873269616106392
406.0,0.17955748919830017
406.5,0.17070557097063027
407.0,0.16217612251387445
407.5,0.15396737385437789
408.0,0.14607665853353846
408.5,0.13850047237282737
409.0,0.13123453557096174
409.5,0.12427385723495693
410.0,0.1176128014735668
410.5,0.11124515422315868
411.0,0.10516419002988857
411.5,0.09936273807582309
412.0,0.093833246807806303
412.5,0.088567846604039199
413.0,0.083558409992233254
413.5,0.078796609012729113
414.0,0.074273969398294531
414.5,0.069981921317858575
415.0,0.065911846502912555
415.5,0.062055121641661007
416.0,0.058403157986539798
416.5,0.054947437174898306
417.0,0.051679543310218047
417.5,0.048591191392161774
418.0,0.045674252218093792
418.5,0.04292077390675765
419.0,0.040323000216878645
419.5,0.037873385850039062
420.0,0.035564608938723576
420.5,0.033389580927492578
421.0,0.031341454058365095
421.5,0.029413626671198498
422.0,0.02759974652667142
422.5,0.02589371235392009
423.0,0.024289673817378305
423.5,0.022782030088384888
424.0,0.021365427197005113
424.5,0.02003475432861546
425.0,0.018785139218421513
425.5,0.017611942785454353
426.0,0.016510753135958105
426.5,0.015477379054598504
427.0,0.01450784309074207
427.5,0.013598374336285331
428.0,0.012745400981250508
428.5,0.011945542723650733
429.0,0.011195603101027411
429.5,0.010492561802586219
430.0,0.0098335670130171877
430.5,0.0092159278318844889
431.0,0.00863710680589223
431.5,0.0080947126053608071
432.0,0.0075864928708556795
432.5,0.0071103272510713161
433.0,0.0066642206487516698
433.5,0.0062462966875943514
434.0,0.0058547914097022364
434.5,0.0054880472101788563
435.0,0.0051445070128796578
435.5,0.0048227086890939887
436.0,0.0045212797190136503
436.5,0.0042389320942089956
437.0,0.0039744574579565215
437.5,0.0037267224791149274
438.0,0.0034946644543021837
438.5,0.0032772871323660849
439.0,0.0030736567545374791
439.5,0.002882898303193453
440.0,0.0027041919518186689
440.5,0.002536769708518738
441.0,0.0023799122452972938
441.5,0.0022329459052447607
442.0,0.0020952398797890112
442.5,0.0019662035482171749
443.0,0.0018452839717832082
443.5,0.0017319635348599695
444.0,0.001625757725770246
444.5,0.001526213050131744
445.0,0.0014329050697714
445.5,0.0013454365604990658
446.0,0.0012634357822766775
446.5,0.0011865548555712929
447.0,0.0011144682379373681
447.5,0.001046871295131701
448.0,0.00098347896132195052
448.5,0.00092402448320464499
449.0,0.00086825824309936454
449.5,0.00081594665633158024
450.0,0.00076687113845605817
450.5,0.00072082713810518631
451.0,0.00067762323147142354
451.5,0.00063708027465016583
452.0,0.00059903061027761649
452.5,0.00056331732509866611
453.0,0.00052979355529104077
453.5,0.00049832183655514474
454.0,0.00046877349615333003
454.5,0.00044102808424833877
455.0,0.00041497284204855523
455.5,0.00039050220441727861
456.0,0.00036751733474528508
456.5,0.00034592569002015329
457.0,0.00032564061415294208
457.5,0.00030658095774275802
458.0,0.00028867072257302863
458.5,0.00027183872924002578
459.0,0.00025601830641484912
459.5,0.00024114700033478576
460.0,0.00022716630320905422
460.5,0.00021402139930777467
461.0,0.00020166092758173017
461.5,0.00019003675973444466
462.0,0.00017910379273751095
462.5,0.00016881975484525931
463.0,0.00015914502422593237
463.5,0.00015004245938380671
464.0,0.00014147724060036232
464.5,0.0001334167216728931
465.0,0.00012583029127603311
465.5,0.00011868924331574897
466.0,0.00011196665568661459
466.5,0.00010563727688179614
467.0,9.9677419941297449e-05
467.5,9.4064863257783913e-05
468.0,8.8778757790909676e-05
468.5,8.3799540270609624e-05
469.0,7.9108851997409949e-05
469.5,7.468946287364847e-05
470.0,7.0525200323580186e-05
470.5,6.6600882782908886e-05
471.0,6.2902257459311671e-05
471.5,5.9415942085222793e-05
472.0,5.6129370402493071e-05
472.5,5.3030741135712235e-05
473.0,5.0108970227014881e-05
473.5,4.7353646120154665e-05
474.0,4.4754987895610265e-05
474.5,4.2303806071547826e-05
475.0,3.9991465897647634e-05
475.5,3.780985298019207e-05
476.0,3.5751341087433888e-05
476.5,3.3808761994196567e-05
477.0,3.1975377233913403e-05
477.5,3.0244851634976255e-05
478.0,2.861122852633446e-05
478.5,2.7068906504827968e-05
479.0,2.5612617663789457e-05
479.5,2.4237407189015445e-05
480.0,2.2938614234352897e-05
480.5,2.1711853994883412e-05
481.0,2.0553000901035927e-05
481.5,1.9458172861963048e-05
482.0,1.8423716491182258e-05
482.5,1.7446193251847808e-05
483.0,1.6522366463086397e-05
483.5,1.5649189112638183e-05
484.0,1.4823792424595268e-05
484.5,1.4043475134346597e-05
485.0,1.330569342594211e-05
485.5,1.2608051489980647e-05
486.0,1.1948292662835079e-05
486.5,1.1324291110552456e-05
487.0,1.073404402313128e-05
487.5,1.0175664287082796e-05
488.0,9.6473736062472484e-06
488.5,9.147496042761768e-06
489.0,8.6744519518775291e-06
489.5,8.2267522860088766e-06
490.0,7.8029932449694522e-06
490.5,7.401851250821496e-06
491.0,7.0220782271406794e-06
491.5,6.6624971637833532e-06
492.0,6.3219979494464116e-06
492.5,5.9995334554341432e-06
493.0,5.6941158550974628e-06
493.5,5.4048131643945211e-06
494.0,5.1307459899415971e-06
494.5,4.8710844717837671e-06
495.0,4.6250454089192139e-06
495.5,4.3918895563645012e-06
496.0,4.1709190832533247e-06
496.5,3.9614751821195732e-06
497.0,3.7629358201335465e-06
497.5,3.5747136236373023e-06
498.0,3.3962538878659719e-06
498.5,3.2270327042478781e-06
499.0,3.0665551981500403e-06
499.5,2.9143538703792956e-06
500.0,2.769987036164845e-06
500.5,2.6330373557367087e-06
501.0,2.5031104509792105e-06
501.5,2.3798336029797526e-06
502.0,2.2628545256124828e-06
502.5,2.1518402105966452e-06
503.0,2.0464758397492904e-06
503.5,1.946463760415081e-06
504.0,1.8515225203027255e-06
504.5,1.7613859581878771e-06
505.0,1.6758023471590512e-06
505.5,1.5945335872861062e-06
506.0,1.517354444780591e-06
506.5,1.4440518348961461e-06
507.0,1.3744241459836909e-06
507.5,1.3082806022735372e-06
508.0,1.2454406631031843e-06
508.5,1.185733456447576e-06
509.0,1.1289972447381438e-06
509.5,1.0750789210780413e-06
510.0,1.0238335340751487e-06
510.5,9.7512383962099349e-07
511.0,9.2881987804418961e-07
511.5,8.8479857516104352e-07
512.0,8.4294336583432161e-07
512.5,8.0314383873401882e-07
513.0,7.6529540107184284e-07
513.5,7.2929896215429615e-07
514.0,6.9506063466769834e-07
514.5,6.6249145267302371e-07
515.0,6.3150710534899753e-07
515.5,6.0202768557861103e-07
516.0,5.7397745252772871e-07
516.5,5.4728460741456958e-07
517.0,5.2188108171597907e-07
517.5,4.9770233710076412e-07
518.0,4.7468717642184035e-07
518.5,4.5277756513825215e-07
519.0,4.3191846257469481e-07
519.5,4.1205766246088247e-07
520.0,3.9314564222552037e-07
520.5,3.7513542055018672e-07
521.0,3.5798242271723233e-07
521.5,3.4164435331268284e-07
522.0,3.2608107587069894e-07
522.5,3.1125449906990558e-07
523.0,2.9712846911445995e-07
523.5,2.836686679538693e-07
524.0,2.7084251701542726e-07
524.5,2.5861908614191946e-07
525.0,2.4696900744480013e-07
525.5,2.3586439379970741e-07
526.0,2.2527876172669913e-07
526.5,2.1518695841236877e-07
527.0,2.0556509264478026e-07
527.5,1.9639046944520958e-07
528.0,1.8764152819291934e-07
528.5,1.7929778405077614e-07
529.0,1.7133977251036222e-07
529.5,1.6374899688549439e-07
530.0,1.5650787859272506e-07
530.5,1.4959971006644179e-07
531.0,1.4300861016482512e-07
531.5,1.3671948193091517e-07
532.0,1.3071797258068807e-07
532.5,1.249904355972198e-07
533.0,1.1952389481671954e-07
533.5,1.1430601039864133e-07
534.0,1.09325046578048e-07
534.5,1.045698411040694e-07
535.0,1.000297762736474e-07
535.5,9.5694751474768446e-08
536.0,9.1555157158157557e-08
536.5,8.7601850160853348e-08
537.0,8.3826130309336082e-08
537.5,8.0219718233842102e-08
538.0,7.6774734329264377e-08
538.5,7.3483678801578984e-08
539.0,7.0339412742096038e-08
539.5,6.7335140174966903e-08
540.0,6.4464391026385251e-08
540.5,6.1721004966713953e-08
541.0,5.9099116079429803e-08
541.5,5.6593138313284824e-08
542.0,5.4197751676453406e-08
542.5,5.1907889133655749e-08
543.0,4.9718724169373358e-08
543.5,4.7625658982257763e-08
544.0,4.5624313277707748e-08
544.5,4.3710513627385618e-08
545.0,4.1880283366106674e-08
545.5,4.0129832998128427e-08
546.0,3.8455551086367075e-08
546.5,3.6853995599479682e-08
547.0,3.5321885693094625e-08
547.5,3.3856093902734398e-08
548.0,3.2453638727170027e-08
548.5,3.1111677582079196e-08
549.0,2.9827500104946568e-08
549.5,2.8598521793155448e-08
550.0,2.7422277958174855e-08
550.5,2.6296417979648869e-08
551.0,2.5218699844050755e-08
551.5,2.4186984953370107e-08
552.0,2.3199233190064803e-08
552.5,2.2253498225236143e-08
553.0,2.1347923057664563e-08
553.5,2.0480735771991894e-08
554.0,1.9650245504950475e-08
554.5,1.8854838609114641e-08
555.0,1.8092975004199563e-08
555.5,1.7363184706454479e-08
556.0,1.6664064527181058e-08
556.5,1.5994274931881653e-08
557.0,1.5352537051972463e-08
557.5,1.4737629841422416e-08
558.0,1.4148387371064266e-08
558.5,1.358369625370596e-08
559.0,1.3042493193517568e-08
559.5,1.2523762653508008e-08
560.0,1.202653463522108e-08
560.5,1.1549882565082163e-08
561.0,1.1092921282109902e-08
561.5,1.0654805121979257e-08
562.0,1.0234726092675958e-08
562.5,9.8319121372249722e-09
563.0,9.4456254792064417e-09
563.5,9.0751610469875036e-09
564.0,8.7198449728070924e-09
564.5,8.3790331630453248e-09
565.0,8.0521099361926129e-09
565.5,7.7384867252127273e-09
566.0,7.4376008411572725e-09
566.5,7.1489142950488592e-09
567.0,6.871912675198885e-09
567.5,6.6061040772688359e-09
568.0,6.3510180845177772e-09
568.5,6.1062047958069546e-09
569.0,5.87123389905334e-09
569.5,5.6456937879389586e-09
570.0,5.4291907197920735e-09
570.5,5.2213480126597595e-09
571.0,5.0218052796888044e-09
571.5,4.8302176990267004e-09
572.0,4.6462553175408779e-09
572.5,4.469602386740353e-09
573.0,4.2999567293615715e-09
573.5,4.1370291351576305e-09
574.0,3.9805427845008638e-09
574.5,3.8302326984771546e-09
575.0,3.6858452142149075e-09
575.5,3.5471374842538596e-09
576.0,3.413876998816018e-09
576.5,3.2858411298975555e-09
577.0,3.1628166961524689e-09
577.5,3.0445995475893416e-09
578.0,2.9309941691494335e-09
578.5,2.8218133022801784e-09
579.0,2.7168775836603571e-09
579.5,2.6160152002746098e-09
580.0,2.5190615600730244e-09
580.5,2.4258589774891558e-09
581.0,2.3362563731236529e-09
581.5,2.2501089869354282e-09
582.0,2.1672781043122094e-09
582.5,2.0876307944238241e-09
583.0,2.0110396602892889e-09
583.5,1.9373826000160041e-09
584.0,1.8665425786956164e-09
584.5,1.7984074104651163e-09
585.0,1.7328695502653274e-09
585.5,1.6698258948513933e-09
586.0,1.6091775926303699e-09
586.5,1.5508298619218341e-09
587.0,1.4946918172559104e-09
587.5,1.4406763033417587e-09
588.0,1.388699736356494e-09
588.5,1.3386819522214392e-09
589.0,1.290546061547496e-09
589.5,1.244218310947318e-09
590.0,1.1996279504252764e-09
590.5,1.1567071065702471e-09
591.0,1.1153906612887594e-09
591.5,1.0756161358286279e-09
592.0,1.0373235798544589e-09
592.5,1.0004554653477823e-09
593.0,9.6495658511495322e-10
593.5,9.3077395569614613e-10
594.0,8.9785672447820571e-10
594.5,8.6615608082327513e-10
595.0,8.3562517103393609e-10
595.5,8.0621901698357558e-10
596.0,7.7789443824885928e-10
596.5,7.5060997758850513e-10
597.0,7.2432582961980727e-10
597.5,6.9900377255106958e-10
598.0,6.746071028346696e-10
598.5,6.5110057261162893e-10
599.0,6.2845032982448443e-10
599.5,6.0662386088076853e-10
600.0,5.8558993575490463e-10
600.5,5.6531855542131353e-10
601.0,5.4578090151641658e-10
601.5,5.2694928813185619e-10
602.0,5.0879711564571695e-10
602.5,4.9129882650261121e-10
603.0,4.7442986285770034e-10
603.5,4.5816662600335942e-10
604.0,4.424864375009893e-10
604.5,4.2736750194386562e-10
605.0,4.1278887128028685e-10
605.5,3.9873041062947405e-10
606.0,3.8517276552558641e-10
606.5,3.7209733052822543e-10
607.0,3.5948621914050246e-10
607.5,3.473222349783084e-10
608.0,3.3558884413705096e-10
608.5,3.2427014870438019e-10
609.0,3.1335086136980196e-10
609.5,3.0281628108420808e-10
610.0,2.9265226972442348e-10
610.5,2.8284522971987685e-10
611.0,2.7338208260038236e-10
611.5,2.6425024842580195e-10
612.0,2.5543762606011986e-10
612.5,2.4693257425408827e-10
613.0,2.387238935021428e-10
613.5,2.3080080864086011e-10
614.0,2.2315295215758103e-10
614.5,2.1577034817924527e-10
615.0,2.0864339711276556e-10
615.5,2.0176286090952161e-10
616.0,1.9511984892775208e-10
616.5,1.8870580436773779e-10
617.0,1.825124912557996e-10
617.5,1.7653198195412881e-10
618.0,1.7075664517447962e-10
618.5,1.6517913447469744e-10
619.0,1.5979237721798835e-10
619.5,1.545895639756381e-10
620.0,1.4956413835479097e-10
620.5,1.4470978723363098e-10
621.0,1.4002043138710137e-10
621.5,1.3549021648698918e-10
622.0,1.3111350446093097e-10
622.5,1.2688486519550979e-10
623.0,1.2279906856928173e-10
623.5,1.1885107680215099e-10
624.0,1.1503603710811066e-10
624.5,1.1134927463888987e-10
625.0,1.0778628570659208e-10
625.5,1.0434273127392846e-10
626.0,1.0101443070108947e-10
626.5,9.7797355738805766e-11
627.0,9.4687624757560759e-11
627.5,9.168149720334955e-11
628.0,8.8775368270784712e-11
628.5,8.5965763784725559e-11
629.0,8.3249335281995727e-11
629.5,8.0622855285077719e-11
630.0,7.8083212760048492e-11
630.5,7.5627408751312503e-11
631.0,7.3252552186008006e-11
631.5,7.0955855841272162e-11
632.0,6.8734632467815191e-11
632.5,6.6586291063530648e-11
633.0,6.4508333291143244e-11
633.5,6.2498350034114668e-11
634.0,6.0554018085301921e-11
634.5,5.8673096963061061e-11
635.0,5.685342584972181e-11
635.5,5.5092920647566698e-11
636.0,5.3389571147643552e-11
636.5,5.1741438306938204e-11
637.0,5.014665162961215e-11
637.5,4.8603406648186063e-11
638.0,4.7109962500727544e-11
638.5,4.566463960024355e-11
639.0,4.4265817392659491e-11
639.5,4.2911932199883162e-11
640.0,4.1601475144624067e-11
640.5,4.0332990153752486e-11
641.0,3.9105072037121035e-11
641.5,3.7916364638901023e-11
642.0,3.6765559058592875e-11
642.5,3.5651391938994735e-11
643.0,3.457264381852401e-11
643.5,3.3528137545377933e-11
644.0,3.251673675113873e-11
644.5,3.1537344381511357e-11
645.0,3.0588901281980119e-11
645.5,2.9670384836259218e-11
646.0,2.8780807655496731e-11
646.5,2.7919216316271847e-11
647.0,2.7084690145503663e-11
647.5,2.6276340050468728e-11
648.0,2.5493307392189971e-11
648.5,2.4734762900532832e-11
649.0,2.3999905629410256e-11
649.5,2.3287961950559283e-11
650.0,2.2598184584416574e-11
650.5,2.1929851666673682e-11
651.0,2.1282265849152864e-11
651.5,2.0654753433696758e-11
652.0,2.0046663537814272e-11
652.5,1.9457367290880103e-11
653.0,1.8886257059724624e-11
653.5,1.8332745702504342e-11
654.0,1.7796265849782126e-11
654.5,1.7276269211787672e-11
655.0,1.6772225910873011e-11
655.5,1.6283623838212257e-11
656.0,1.5809968033833715e-11
656.5,1.5350780089107167e-11
657.0,1.4905597570844897e-11
657.5,1.4473973466205314e-11
658.0,1.4055475647620654e-11
658.5,1.3649686357001697e-11
659.0,1.3256201708497193e-11
659.5,1.2874631209120189e-11
660.0,1.2504597296572244e-11
660.5,1.2145734893628607e-11
661.0,1.1797690978469153e-11
661.5,1.1460124170362581e-11
662.0,1.1132704330136573e-11
662.5,1.0815112174887236e-11
663.0,1.050703890640023e-11
663.5,1.0208185852780237e-11
664.0,9.9182641228001537e-12
664.5,9.6369942725035731e-12
665.0,9.3641059836091648e-12
665.5,9.0993377532852336e-12
666.0,8.8424365948766207e-12
666.5,8.593157749183849e-12
667.0,8.3512644059091281e-12
667.5,8.1165274348969944e-12
668.0,7.8887251268142135e-12
668.5,7.6676429429237032e-12
669.0,7.4530732736229981e-12
669.5,7.2448152054289648e-12
670.0,7.0426742961015212e-12
670.5,6.8464623576129713e-12
671.0,6.6559972466784021e-12
671.5,6.4711026625742105e-12
672.0,6.291607951981756e-12
672.5,6.11734792060368e-12
673.0,5.9481626513084078e-12
673.5,5.7838973285686915e-12
674.0,5.6244020689685404e-12
674.5,5.4695317575605805e-12
675.0,5.3191458898648335e-12
675.5,5.1731084193072625e-12
676.0,5.0312876099035042e-12
676.5,4.8935558940014587e-12
677.0,4.7597897349017854e-12
677.5,4.6298694941836788e-12
678.0,4.5036793035682932e-12
678.5,4.3811069411590625e-12
679.0,4.2620437119037732e-12
679.5,4.1463843321291506e-12
680.0,4.0340268180041451e-12
680.5,3.9248723777930999e-12
681.0,3.8188253077652015e-12
681.5,3.7157928916319476e-12
682.0,3.6156853033881787e-12
682.5,3.5184155134372301e-12
683.0,3.423899197885467e-12
683.5,3.3320546508949028e-12
684.0,3.2428026999866139e-12
684.5,3.1560666241930009e-12
685.0,3.0717720749580767e-12
685.5,2.989846999691364e-12
686.0,2.9102215678821623e-12
686.5,2.8328280996857791e-12
687.0,2.7576009968955266e-12
687.5,2.6844766762181531e-12
688.0,2.6133935047728059e-12
688.5,2.5442917377365071e-12
689.0,2.4771134580624795e-12
689.5,2.4118025181992309e-12
690.0,2.3483044837420556e-12
690.5,2.2865665789501914e-12
691.0,2.226537634065499e-12
691.5,2.1681680343711135e-12
692.0,2.1114096709300997e-12
692.5,2.0562158929470655e-12
693.0,2.0025414616967112e-12
693.5,1.9503425059663215e-12
694.0,1.8995764789603241e-12
694.5,1.8502021166171303e-12
695.0,1.8021793972904216e-12
695.5,1.7554695027482083e-12
696.0,1.7100347804453658e-12
696.5,1.6658387070261918e-12
697.0,1.6228458530153667e-12
697.5,1.5810218486575005e-12
698.0,1.5403333508659853e-12
698.5,1.5007480112442644e-12
699.0,1.4622344451429704e-12
699.5,1.4247622017184323e-12
700.0,1.3883017349587475e-12
